ID,Song_Name,Artist,Popularity_Score,Album_name,Release_Date,danceability,energy,key,loudness,mode,speechiness,acousticness,instrumentalness,liveness,valence,tempo,type,id,uri,track_href,analysis_url,duration_ms,time_signature,lyrics
1l77YWrGUp3qX3NS1rz7lq,El Color de Tus Ojos,Banda Sinaloense MS de Sergio LizÃ¡rraga,74,La Mejor VersiÃ³n De MÃ­,4/21/2017,0.765,0.339,8,-8.965,1,0.0365,0.278,0,0.131,0.864,123.95,audio_features,1l77YWrGUp3qX3NS1rz7lq,spotify:track:1l77YWrGUp3qX3NS1rz7lq,https://api.spotify.com/v1/tracks/1l77YWrGUp3qX3NS1rz7lq,https://api.spotify.com/v1/audio-analysis/1l77YWrGUp3qX3NS1rz7lq,202560,4,"El color de tus ojos
Despertó mi interés
Y solo tengo ganas de verte otra vez
Dime que no está prohibido
Quizás me animo y te pido verte el sábado a las diez
El color de tus ojos
Se robó mi atención
Te vas metiendo dentro de mi corazón
Perfecta en cualquier sentido
Con pantalón o vestido robas mi respiración
Que más quisiera que fueras el sueno que se vuelve realidad
Me gustas tanto y eso es toda la verdad
Me siento emocionado
No sé si te ha pasado
Que si pudiera te viera de lunes a domingo sin parar
Esto que siento no se puede comparar
Y si ves que me sonrojo
Si te burlas no me enojo
Yo solo sé que de ti me enamoré
Que más quisiera que fueras el sueño que se vuelve realidad
Me gustas tanto y eso es toda la verdad
Me siento emocionado
No sé si te ha pasado
Que si pudiera te viera de lunes a domingo sin parar
Esto que siento no se puede comparar
Y si ves que me sonrojo
Si te burlas no me enojo
Yo solo sé que de ti me enamoré"
2yS8aYWXEWJ1NlZ7VPDroT,Me Vas a ExtraÃ±ar,Banda Sinaloense MS de Sergio LizÃ¡rraga,72,Que BendiciÃ³n,2/5/2016,0.756,0.526,8,-5.379,1,0.0408,0.581,1.08E-05,0.0875,0.94,144.942,audio_features,2yS8aYWXEWJ1NlZ7VPDroT,spotify:track:2yS8aYWXEWJ1NlZ7VPDroT,https://api.spotify.com/v1/tracks/2yS8aYWXEWJ1NlZ7VPDroT,https://api.spotify.com/v1/audio-analysis/2yS8aYWXEWJ1NlZ7VPDroT,176800,3,"Los besos de mi boca
No fueron suficientes
Para que te quedaras
Conmigo para siempre
No me alcanzó el cariño
Para verte contenta
Te amaba como un loco
Y no te diste cuenta
Me resultaron falsas
Toditas tus palabras
Tus manos me mentían
Cuando me acariciaban
De que sirvió rogarte
Para qué te quedaras
Mi error fue darte todo
Cuando no vales nada
Me vas a extrañar
Te apuesto lo que quieras
Que vas a buscarme
Y vas a llorar
Porque tú a mí
Jamás supiste valorarme
Te vas a acordar
De todas nuestras travesuras
Pero será muy tarde
Me vas a extrañar
Porque un amor como este
No fácil se olvida
Y nadie sabrá
Hacerte todas las cosas
Que yo a ti te hacía
Pero fue un error
Entregar mi corazón
A quien no lo merecía
Me vas a extrañar
Te apuesto lo que quieras
Que vas a buscarme
Y vas a llorar
Porque tú a mí
Jamás supiste valorarme
Te vas a acordar
De todas nuestras travesuras
Pero será muy tarde
Me vas a extrañar
Porque un amor como este
No fácil se olvida
Y nadie sabrá
Hacerte todas las cosas
Que yo a ti te hacía
Pero fue un error
Entregar mi corazón
A quien no lo merecía"
1O18MtSAMUk7JfAVB8gGzs,HÃ¡blame De Ti,Banda Sinaloense MS de Sergio LizÃ¡rraga,71,No Me Pidas PerdÃ³n,6/24/2014,0.781,0.553,5,-4.598,1,0.0454,0.622,1.61E-06,0.0832,0.832,145.06,audio_features,1O18MtSAMUk7JfAVB8gGzs,spotify:track:1O18MtSAMUk7JfAVB8gGzs,https://api.spotify.com/v1/tracks/1O18MtSAMUk7JfAVB8gGzs,https://api.spotify.com/v1/audio-analysis/1O18MtSAMUk7JfAVB8gGzs,190773,3,"Me dijiste ""hola"" con una sonrisa
Por cierto, tan linda como el mismo cielo
Te puse nerviosa cuando, por travieso, te toqué tu pelo
Era la primera vez que te miraba
Todo fue tan tierno
Nunca lo olvidé, te dije mi nombre
Me dijiste el tuyo y, después, charlamos unas cuantas horas
Hubo conexión, desde el primer instante, te veías hermosa
Eras como un ángel y, de puro gusto, yo te di una rosa
Y te pregunté
Háblame de ti
De todos tus gustos, cuántos años tienes y a qué te dedicas
Si sales con alguien, igual y con suerte, te encuentras solita
Y, dime, qué opinas, crees que exista el amor a primera vista
La verdad, yo sí
Háblame de ti
Cuéntame tus penas o si, alguna vez, alguien te ha lastimado
Si tu corazón por el momento es libre u hoy ya está ocupado
Porque el mío, creo, que apartir de hoy alguien me lo ha robado
Y esa eres tú
Háblame de ti
Ojalá y me digas que estás disponible sólo para mí
Háblame de ti
De todos tus gustos, cuántos años tienes y a qué te dedicas
Si sales con alguien, igual y con suerte, te encuentras solita
Y, dime, qué opinas, crees que exista el amor a primera vista
La verdad, yo sí
Háblame de ti
Cuéntame tus penas o si, alguna vez, alguien te ha lastimado
Si tu corazón, por el momento, es libre u hoy ya está ocupado
Porque el mío, creo, que apartir de hoy alguien me lo ha robado
Y esa eres tú
Háblame de ti
Ojalá y me digas que estás disponible sólo para mí"
3mV5TTtHnXUeOzRkyFKsVl,Por Mi No Te Detengas,Banda Sinaloense MS de Sergio LizÃ¡rraga,73,Con Todas Las Fuerzas,9/14/2018,0.649,0.307,5,-7.209,1,0.0756,0.575,0,0.0705,0.713,74.833,audio_features,3mV5TTtHnXUeOzRkyFKsVl,spotify:track:3mV5TTtHnXUeOzRkyFKsVl,https://api.spotify.com/v1/tracks/3mV5TTtHnXUeOzRkyFKsVl,https://api.spotify.com/v1/audio-analysis/3mV5TTtHnXUeOzRkyFKsVl,225213,4,"No te vas
Porque no te conviene
Como yo te he besado
No has de hallar quien te bese
Yo no me ando con celos
Ya te lo he dicho siempre
El amor no se forza
Tan solo se siente
No te vas
Porque yo soy tu dueño
Va a sonar presumido
Pero sé a qué me atengo
Tal vez sea la costumbre
O el sabor de mis labios
Que te gusta lo bueno
Eso lo tengo claro
Por mí no te detengas
Tú ya sabes lo que haces
Te la pongo facilita
Aquí la puerta está muy grande
Conoce a otras personas
Te doy chanza que le cales
Otro amor así como este
No es tan fácil de encontrarse
Por mí no te detengas
Que de aquí no he de moverme
Y te guardaré mis besos
Para cuando tú regreses
Si alguien más con su cariño
Logra borrarme de tu mente
Fue un honor y mucho gusto
Me hago a un lado para siempre
Por mí no te detengas
Tú ya sabes lo que haces
Te la pongo facilita
Aquí la puerta está muy grande
Conoce a otras personas
Te doy chanza que le cales
Otro amor así como este
No es tan fácil de encontrarse
Por mí no te detengas
Que de aquí no he de moverme
Y te guardaré mis besos
Para cuando tú regreses
Si alguien más con su cariño
Logra borrarme de tu mente
Fue un honor y mucho gusto
Me hago a un lado para siempre"
7EY91l11hOnYIytcxFgvDN,No Elegi Conocerte,Banda Sinaloense MS de Sergio LizÃ¡rraga,72,Con Todas Las Fuerzas,9/14/2018,0.86,0.4,2,-7.131,1,0.0538,0.182,3.17E-06,0.0581,0.813,129.925,audio_features,7EY91l11hOnYIytcxFgvDN,spotify:track:7EY91l11hOnYIytcxFgvDN,https://api.spotify.com/v1/tracks/7EY91l11hOnYIytcxFgvDN,https://api.spotify.com/v1/audio-analysis/7EY91l11hOnYIytcxFgvDN,254853,4,"No elegí conocerte
Fue cuestión de mala suerte
Una mala decisión
Por primera vez
Ella tenía razón
No elegí amarte tanto
Pero me ganó tu encanto
Fue tan mágico este amor
Que se convirtió en un grave error
La persona más bonita
La que más me hizo llorar
La que cuando me besaba
Yo olvidaba que quería terminar
Al principio todo bien
Pero después llegó a tu vida no sé quién
El resto lo hice yo
Cuando te dije ya estoy harto se acabó
No elegí conocerte
Pero sí elegí no verte
Abrí los ojos tarde
Pero los abrí
Y me olvidé de ti
Me olvidé de ti
La persona más bonita
La que más me hizo llorar
La que cuando me besaba
Yo olvidaba que quería terminar
Al principio todo bien
Pero después llegó a tu vida no sé quién
El resto lo hice yo
Cuando te dije ya estoy harto se acabó
No elegí conocerte
Pero sí elegí no verte
Abrí los ojos tarde
Pero los abrí
Y me olvidé de ti
Que acaso tú me cambiaste la vida para mal
Ni al caso tú
Esta ruptura es ya es, es oficial"
5z4O1H0vFY0Nh4ZMtfgapP,Solo Con Verte,Banda Sinaloense MS de Sergio LizÃ¡rraga,69,Que BendiciÃ³n,2/5/2016,0.751,0.525,10,-5.209,1,0.0311,0.285,1.43E-05,0.268,0.663,119.877,audio_features,5z4O1H0vFY0Nh4ZMtfgapP,spotify:track:5z4O1H0vFY0Nh4ZMtfgapP,https://api.spotify.com/v1/tracks/5z4O1H0vFY0Nh4ZMtfgapP,https://api.spotify.com/v1/audio-analysis/5z4O1H0vFY0Nh4ZMtfgapP,192973,4,"Tengo ganas de mirarte en este momento
Recordarte que eres tú la que me roba el sueño
Fuiste, eres y serás con la que quiero siempre amanecer
Con lo que quiero siempre despertar
Tú eres lo que más quiero
Me gusta escuchar cuando me hablas
Cuando tu sonrisa ilumina tu cara
Se asoma el deseo y en ese momento te quiero besar
Porque la verdad es que me tienes tan enamorado
Soy tan feliz de tenerte a mi lado
Solo con verte me haces suspirar
Eres lo mejor
Que me ha pasado por Dios te lo juro
Solo en tus brazos me siento seguro
Y con el tiempo nada va a cambiar
Porque con tu amor toda la vida me quiero quedar
Me gusta escuchar cuando me hablas
Cuando tu sonrisa ilumina tu cara
Se asoma el deseo y en ese momento te quiero besar
Porque la verdad es que me tienes tan enamorado
Soy tan feliz de tenerte a mi lado
Solo con verte me haces suspirar
Eres lo mejor
Que me ha pasado por Dios te lo juro
Solo en tus brazos me siento seguro
Y con el tiempo nada va a cambiar
Es que con tu amor toda la vida me quiero quedar"
4RNzKQEzmlvVHca4t6Txkj,Tu Postura,Banda Sinaloense MS de Sergio LizÃ¡rraga,71,La Mejor VersiÃ³n De MÃ­,4/21/2017,0.779,0.373,2,-7.968,1,0.0372,0.226,6.41E-06,0.0978,0.499,119.946,audio_features,4RNzKQEzmlvVHca4t6Txkj,spotify:track:4RNzKQEzmlvVHca4t6Txkj,https://api.spotify.com/v1/tracks/4RNzKQEzmlvVHca4t6Txkj,https://api.spotify.com/v1/audio-analysis/4RNzKQEzmlvVHca4t6Txkj,281400,4,"Me da mucha tristeza ver cómo eres
No es que lo exagere
Nada te reprocho
Nada te pregunto
Solo si me quieres
Yo sé
Que hablando esto se arreglaría
Mas te mentiría
Si te digo algo
Como por ejemplo
Que no pasa nada
Parece
Que es nada más cuando tú quieres
Cuando tienes ganas
Me duele
Que no te importa si se muere
Este corazón
Que a pesar de todo
Todavía te ama
Me están sobrando los motivos para irme
Y lo que más me da coraje, es tu postura
Parece que estás obligándome a rendirme
Para al final decir, que yo tuve la culpa
Y si no cambias, desde ahorita te lo advierto
Voy a empezar a ser igual que tú, conmigo
Y no es venganza ni rencor ni mucho menos
Es simplemente dar lo mismo que recibo
Haces mucho más difícil
Lo que tiene arreglo
Parece que hacerme llorar
Te alimenta el ego
Me están sobrando los motivos para irme
Y lo que más me da coraje es tu postura
Parece que estás obligándome a rendirme
Para al final decir, que yo tuve la culpa
Y si no cambias, desde ahorita te lo advierto
Voy a empezar a ser igual que tú, conmigo
Y no es venganza ni rencor ni mucho menos
Es simplemente dar lo mismo que recibo
Haces mucho más difícil
Lo que tiene arreglo
Parece que hacerme llorar
Te alimenta el ego"
5GF1ljm1AWf6RQs9bQkZPR,No Me Pidas PerdÃ³n,Banda Sinaloense MS de Sergio LizÃ¡rraga,68,No Me Pidas PerdÃ³n,6/24/2014,0.715,0.522,8,-3.936,1,0.0291,0.619,2.30E-06,0.273,0.573,125.008,audio_features,5GF1ljm1AWf6RQs9bQkZPR,spotify:track:5GF1ljm1AWf6RQs9bQkZPR,https://api.spotify.com/v1/tracks/5GF1ljm1AWf6RQs9bQkZPR,https://api.spotify.com/v1/audio-analysis/5GF1ljm1AWf6RQs9bQkZPR,223453,4,"No me pidas perdón porque voy a caer
No me inventes mentiras que voy a creer
No me hables con cara de arrepentida
La verdad, tengo miedo que me hagas volver
No prometas que vas a cambiar porque quieres volver a mis brazos
Y armar ese rompecabezas de mi corazón en pedazos
No me pidas perdón porque corro el peligro que sí te perdone
Y no quiero hacerlo
No me pidas perdón que la línea es delgada entre tú y el deseo
El deseo de arrancar tu blusa en segundos y besar tu cuerpo
No me pidas perdón porque soy vulnerable a todos tus encantos
Porque aún te sigo amando
No me pidas volver a caer en el juego de las apariencias
Me ha costado bastante salir adelante y ahora regresas
No me pidas perdón cuando ya mi presente se encuentra estable
No me pidas perdón, por favor, te suplico porque existe el riesgo
Que pueda perdonarte
No me pidas perdón que la línea es delgada entre tú y el deseo
El deseo de arrancar tu blusa en segundos y besar tu cuerpo
No me pidas perdón porque soy vulnerable a todos tus encantos
Porque aún te sigo amando
No me pidas volver a caer en el juego de las apariencias
Me ha costado bastante salir adelante y ahora regresas
No me pidas perdón cuando ya mi presente se encuentra estable
No me pidas perdón, por favor, te suplico porque existe el riesgo
Que pueda perdonarte"
2yGNkkwU2iT0doFxkxhcXH,Tengo Que Colgar,Banda Sinaloense MS de Sergio LizÃ¡rraga,68,Que BendiciÃ³n,2/5/2016,0.779,0.445,7,-5.59,1,0.0329,0.111,5.44E-06,0.0992,0.642,126.007,audio_features,2yGNkkwU2iT0doFxkxhcXH,spotify:track:2yGNkkwU2iT0doFxkxhcXH,https://api.spotify.com/v1/tracks/2yGNkkwU2iT0doFxkxhcXH,https://api.spotify.com/v1/audio-analysis/2yGNkkwU2iT0doFxkxhcXH,248120,4,"Yo creo que hasta aquí la vamos a dejar
Hubiera preferido decirlo en persona
Es que supe algunas cosas que no me gustaron
No entraré en detalles, sabes de qué hablo
Por qué eres así
Por qué eres así
No te deseo mal, de corazón te digo
Deseo que seas feliz aunque no sea conmigo
No sabes el desorden que me has provocado
Cuando al fín logré tener acomodado
Todo mi interior
De qué me sirvió
Yo no merezco, ser segunda opción de nadie
De todo esto, aquí yo soy el responsable
Por no preguntar antes de empezar
Y sé que a veces nada sale como uno quiere
No pasa nada, aquí ninguno de los dos se muere
Me vas a olvidar, te voy a olvidar
Y si al principio hubieras dicho la verdad
No me hubiera enamorado, yo también sé jugar
Suerte en todo, tengo que colgar
Yo no merezco ser segunda opción de nadie
De todo esto, aquí yo soy el responsable
Por no preguntar antes de empezar
Y sé que a veces nada sale como uno quiere
No pasa nada, aquí ninguno de los dos se muere
Me vas a olvidar, te voy a olvidar
Y si al principio hubieras dicho la verdad
No me hubiera enamorado, yo también sé jugar
Bueno pues, suerte en todo
Tengo que colgar"
1ugCJElyPMmDj2FYPgbD4d,A Lo Mejor,Banda Sinaloense MS de Sergio LizÃ¡rraga,67,No Me Pidas PerdÃ³n,6/24/2014,0.758,0.528,2,-5.294,1,0.0312,0.543,2.84E-05,0.215,0.629,129.973,audio_features,1ugCJElyPMmDj2FYPgbD4d,spotify:track:1ugCJElyPMmDj2FYPgbD4d,https://api.spotify.com/v1/tracks/1ugCJElyPMmDj2FYPgbD4d,https://api.spotify.com/v1/audio-analysis/1ugCJElyPMmDj2FYPgbD4d,212280,4,"A lo mejor te olvido
A lo mejor jamás
A lo mejor te pienso
Un poco más que más
A lo mejor te llamo por las noches
A lo mejor tu cuelgas mi llamada
Te juro que no estoy exagerando
Cuando te digo que sin ti soy nada
A lo mejor tu tienes más orgullo
A lo mejor yo tengo más problemas
En recordar que una vez me dijiste
Que estar conmigo no valía la pena
Pero quien olvida el amor de su vida
En un par de días
En un par de noches
Tal vez solo tú
O tal vez ni tú
Mas si me olvidas así
Nunca fui el amor de tu vida
A lo mejor te llamo por las noches
A lo mejor tu cuelgas mi llamada
Te juro que no estoy exagerando
Cuando te digo que sin ti soy nada
A lo mejor tu tienes más orgullo
A lo mejor yo tengo más problemas
En recordar que una vez me dijiste
Que estar conmigo no valía la pena
Pero quien olvida el amor de su vida
En un par de días
En un par de noches
Tal vez solo tú
O tal vez ni tú
Pues si me olvidas así
Nunca fui el amor de tu vida"
0RFxSN4HcsjQF80fkH1q78,Altamente Probable,Banda Sinaloense MS de Sergio LizÃ¡rraga,68,Altamente Probable,2/21/2020,0.58,0.492,2,-5.8,1,0.131,0.12,0,0.0516,0.906,200.202,audio_features,0RFxSN4HcsjQF80fkH1q78,spotify:track:0RFxSN4HcsjQF80fkH1q78,https://api.spotify.com/v1/tracks/0RFxSN4HcsjQF80fkH1q78,https://api.spotify.com/v1/audio-analysis/0RFxSN4HcsjQF80fkH1q78,180480,4,"Para qué malimpusiste a mi boca
Para qué la besabas de esa forma
Si al final te ibas a ir
Si al final te ibas a ir
Para qué malimpusiste a mi cuerpo
Con caricias lo llevabas hasta el cielo
Y hoy me dices que te vas
Y hoy me dices que te vas
Las botellas de alcohol son un peligro
Y si las tengo cerca de puro despecho las puedo vaciar
Y como ya me conozco en un arranque bien loco
Voy a correr a irte a buscar
Las fotos de ti son un martirio
La nostalgia, te juro, conmigo en las noches no tiene piedad
Y aunque no quiera verte
Este sentimiento es tan incondicional
Y a pesar de los daños
Es altamente probable
Que te pueda perdonar
Las botellas de alcohol son un peligro
Y si las tengo cerca de puro despecho las puedo vaciar
Y como ya me conozco, en un arranque bien loco
Voy a correr a irte a buscar
Las fotos de ti son un martirio
La nostalgia, te juro, conmigo en las noches no tiene piedad
Y aunque no quiera verte
Este sentimiento es tan incondicional
Y a pesar de los daños
Es altamente probable
Que te pueda perdonar"
0QINzFpxcbStmnHsf00khl,Â¿QuiÃ©n Pierde MÃ¡s?,Banda Sinaloense MS de Sergio LizÃ¡rraga,68,Â¿QuiÃ©n Pierde MÃ¡s?,2/21/2020,0.741,0.485,2,-6.001,1,0.0314,0.264,0,0.144,0.518,124.033,audio_features,0QINzFpxcbStmnHsf00khl,spotify:track:0QINzFpxcbStmnHsf00khl,https://api.spotify.com/v1/tracks/0QINzFpxcbStmnHsf00khl,https://api.spotify.com/v1/audio-analysis/0QINzFpxcbStmnHsf00khl,199800,4,"¿Quién pierde más, tú o yo?
¿Quién pierde más con este adiós?
Te quieres ir pues según tú
No cumplo tus expectativas
Mas no has pensado si me voy
Cómo será tu vida
Que no te suene a amenaza
Es obvio que puedes irte
Si algo de ti me ha gustado es que siempre has sido libre
Solo te pido que frenes
Que pienses mejor las cosas
Amor, nunca te ha hecho falta aunque hoy decirlo esté de sobra
Yo quiero verte contenta
Quiero que vueles muy alto
Jamás haría que te quedes si eso te causara llanto
Solo promete una cosa
Si es que decides marcharte
Dime que vas a estar bien
Mejor de lo que un día soñaste
Que no te suene a amenaza
Es obvio que puedes irte
Si algo de ti me ha gustado es que siempre has sido libre
Solo te pido que frenes
Que pienses mejor las cosas
Amor, nunca te ha hecho falta aunque hoy decirlo esté de sobra
Yo quiero verte contenta
Quiero que vueles muy alto
Jamás haría que te quedes si eso te causara llanto
Solo promete una cosa
Si es que decides marcharte
Dime que vas a estar bien
Mejor de lo que un día soñaste"
38ofGhTF7TlGS4HkM6e2VS,Por Siempre Mi Amor,Banda Sinaloense MS de Sergio LizÃ¡rraga,66,Con Todas Las Fuerzas,9/14/2018,0.812,0.37,8,-6.505,1,0.0376,0.174,0,0.123,0.744,124.938,audio_features,38ofGhTF7TlGS4HkM6e2VS,spotify:track:38ofGhTF7TlGS4HkM6e2VS,https://api.spotify.com/v1/tracks/38ofGhTF7TlGS4HkM6e2VS,https://api.spotify.com/v1/audio-analysis/38ofGhTF7TlGS4HkM6e2VS,200173,4,"Eres la persona ideal
Con la que quiero quedarme
Nunca voy a hacerte mal
Te has vuelto tan indispensable
Te llamas mi otra mitad
Y te quiero aquí a mi lado
Nadie te podrá igualar
Aunque te suene exagerado
Eres lo más importante
Lo mejor que me ha pasado
Encontré mi buena suerte
Tan solo al quererte
Y quiero quedarme
Por siempre mi amor
Abrazada a tu cintura
Te volviste mi locura
Encontré mi buena suerte
Y voy a cuidarte
No quiero perderte
No hay nada mejor
Que tus labios en mi boca
Tu mirada que me toca
Vivir sin ti sería un error
Encontré mi buena suerte
Tan solo al quererte
Y quiero quedarme
Por siempre mi amor
Abrazada a tu cintura
Te volviste mi locura
Encontré mi buena suerte
Y voy a cuidarte
No quiero perderte
No hay nada mejor
Que tus labios en mi boca
Tu mirada que me toca
Vivir sin ti sería un error"
5OUGSwa2eadrcAsMdUItmO,Mejor Me Alejo,Banda Sinaloense MS de Sergio LizÃ¡rraga,66,Con Todas Las Fuerzas,9/14/2018,0.823,0.378,0,-6.906,1,0.0431,0.206,3.95E-06,0.106,0.54,124.084,audio_features,5OUGSwa2eadrcAsMdUItmO,spotify:track:5OUGSwa2eadrcAsMdUItmO,https://api.spotify.com/v1/tracks/5OUGSwa2eadrcAsMdUItmO,https://api.spotify.com/v1/audio-analysis/5OUGSwa2eadrcAsMdUItmO,201960,4,"Creo que ya no quiero andar contigo
Y claro que sabes porque te lo digo
Porque como siempre
Negarte es la parte
Que mejor te sale
No me lo confirmes, ya sé que te vale
Y tienes razón y quieres ganar
Ya somos adultos deja de jugar
Te advierto
Que le queda muy poco de vida a este cuento
Las cosas que haces y dices me afectan
Y solo si son tus errores no cuentan
No, no, no
No me pidas que me calle, que baje la voz
Yo lo he dado todo por nosotros dos
Y tú con mirada de no siento nada
No
No me pidas que me calme
¿Que te van a oír?
No me da la gana
Solo te vengo a exigir
Respeto
O mejor
Te dejo
Otro error y pum
Yo mejor me alejo
Te advierto
Que le queda muy poco de vida a este cuento
Las cosas que haces y dices me afectan
Y solo si son tus errores no cuentan
No, no, no
No me pidas que me calle, que baje la voz
Yo lo he dado todo por nosotros dos
Y tú con mirada de no siento nada
No
No me pidas que me calme
Que te van a oír
No me da la gana
Solo te vengo a exigir
Respeto
O mejor
Te dejo
Otro error y pum
Yo mejor me alejo"
0sfs8U4743dBlUKKxN7pye,Mi Olvido,Banda Sinaloense MS de Sergio LizÃ¡rraga,65,Amor Enfermo,1/1/2011,0.802,0.45,4,-4.893,0,0.0316,0.331,0.0017,0.0935,0.777,125.985,audio_features,0sfs8U4743dBlUKKxN7pye,spotify:track:0sfs8U4743dBlUKKxN7pye,https://api.spotify.com/v1/tracks/0sfs8U4743dBlUKKxN7pye,https://api.spotify.com/v1/audio-analysis/0sfs8U4743dBlUKKxN7pye,218093,4,"Otra discusión, y tú gritaste más fuerte
Yo no pude hablar, no me dejaste defenderme
Me tiraste con todo lo que estuvo a tu alcance
Me dijiste tonterías
Y mis lágrimas, rodaron
Yo por darte lo mejor, es lo que gano
Pero un día me iré, y tendrás que conformarte con la nada
Atravesaré tú alma con mi espada
Mi espada de olvido, mi espada de olvido
Te hundiré, como tú me estas hundiendo en el olvido
Y en verano te vas a morir de frío
Y en tu cumpleaños, mi olvido será ""tu regalo""
Pero un día me iré, y tendrás que conformarte con la nada
Atravesaré tú alma con mi espada
Mi espada de olvido, mi espada de olvido
Te hundiré, como tú me estas hundiendo en el olvido
Y en verano te vas a morir de frío
Y en tu cumpleaños, mi olvido será ""tu regalo"""
0b8ONx6Vjfuq2u4G0uouuW,Por Este Amor,Banda Sinaloense MS de Sergio LizÃ¡rraga,64,No Me Pidas PerdÃ³n,6/24/2014,0.678,0.333,10,-6.518,1,0.0445,0.857,2.22E-05,0.298,0.631,72.972,audio_features,0b8ONx6Vjfuq2u4G0uouuW,spotify:track:0b8ONx6Vjfuq2u4G0uouuW,https://api.spotify.com/v1/tracks/0b8ONx6Vjfuq2u4G0uouuW,https://api.spotify.com/v1/audio-analysis/0b8ONx6Vjfuq2u4G0uouuW,224840,4,"Amar de más
Porque siempre es un error
Y a quien das todo
Abusa de lo que sientes
Siempre terminas
Maldiciendo a quien más quieres
Con guitarra y vino
La herida de amor, más duele
Ese soy yo
Por haberte amado a ti
Un mal bohemio
Que no acepta que hoy te pierde
Y aunque el engaño
Me lo pusiste en la frente
No puedo arrancarte
De mi alma y de mi mente
Por este amor
Que se enterró en mi corazón
Por Dios, que estoy pecando
Pero de buena gente
La mala racha está conmigo
Desde que aprendí a quererte
Por este amor
Que se enterró en mi corazón
¿Con qué cara presumo?
Si se da cuenta la gente
Que sobrevivo con las limosnas
Del cariño que según tú a mí me tienes
Por este amor
Que se enterró en mi corazón
Por Dios que estoy pecando
Pero de buena gente
La mala racha está conmigo
Desde que aprendí a quererte
Por este amor
Que se enterró en mi corazón
¿Con qué cara presumo?
Si se da cuenta la gente
Que sobrevivo con las limosnas
Del cariño que según tú a mí me tienes"
6GTX6TGcHEWHoxHXPSVbJ2,Hermosa Experiencia,Banda Sinaloense MS de Sergio LizÃ¡rraga,63,10Âº Aniversario,10/1/2013,0.836,0.575,8,-6.109,1,0.0441,0.452,2.29E-05,0.0585,0.977,112.509,audio_features,6GTX6TGcHEWHoxHXPSVbJ2,spotify:track:6GTX6TGcHEWHoxHXPSVbJ2,https://api.spotify.com/v1/tracks/6GTX6TGcHEWHoxHXPSVbJ2,https://api.spotify.com/v1/audio-analysis/6GTX6TGcHEWHoxHXPSVbJ2,153493,3,"Entre más te miro, yo más me convenzo
Que estando a tu lado me siento completo
Eres brisa fresca que baña mi cuerpo
Eres un regalo bajado del cielo
Me gustas bastante, de aquí hasta las nubes
Por eso te quiero
Es tan placentero cruzar las miradas
Oír de tus labios decir que me amas
Tocar con mis manos tu piel tan hermosa
Despiertan mis ganas por volverte loca
Llenarte de besos y, poco a poquito, quitarte la ropa
Quiero disfrutarte de pies a cabeza
Quiero saborearte todita, completa
Comprar todo el tiempo que sea necesario
Y que ese momento se quede grabado en mí para siempre
¡Qué hermosa experiencia tenerte a mi lado!
¡Y puro MS, mamacita!, ¡Ah, ah!
Se va la tristeza cuando estás conmigo
Y con tus caricias, me quitas el frío
Y no es coincidencia que te quiera tanto
Tú me das motivos para amarte a diario
Cuando estás cerquita
Quisiera que el tiempo corriera despacio
Quiero disfrutarte de pies a cabeza
Quiero saborearte todita, completa
Comprar todo el tiempo que sea necesario
Y que ese momento se quede grabado en mí para siempre
¡Qué hermosa experiencia tenerte a mi lado!"
4QX1qy6wFOoCuQlmxciEQV,Mi Mayor Anhelo,Banda Sinaloense MS de Sergio LizÃ¡rraga,63,Mi ColecciÃ³n,1/1/2012,0.594,0.545,5,-3.44,1,0.0309,0.291,0.000907,0.0742,0.593,149.907,audio_features,4QX1qy6wFOoCuQlmxciEQV,spotify:track:4QX1qy6wFOoCuQlmxciEQV,https://api.spotify.com/v1/tracks/4QX1qy6wFOoCuQlmxciEQV,https://api.spotify.com/v1/audio-analysis/4QX1qy6wFOoCuQlmxciEQV,211760,4,"Mira cómo este loco
Por ti, se está muriendo
Mi corazón ya no aguanta más
Y hoy quiere decírtelo

Cómo es que te quiere
Es tan grande, el amor que te tiene
Se quiere entregar en cuerpo, amor y alma
Para conocer a quien tanto te ama

Quiero ser el amor de tu alma
El calor de tu cama y sentir tus caricias
Ser de ti, para amarte hasta la eternidad
Quererte y hacerte mucho muy feliz
Es mi mayor anhelo, por siempre

Quiero ser el amor de tu alma
El calor de tu cama y sentir tus caricias
Ser de ti, para amarte hasta la eternidad
Quererte y hacerte mucho muy feliz
Es mi mayor anhelo, por siempre
Por siempre"
56OTBUIn4xlmDhtPowlA2d,Que Fuimos,Banda Sinaloense MS de Sergio LizÃ¡rraga,65,Que BendiciÃ³n,2/5/2016,0.723,0.443,0,-5.736,1,0.0298,0.303,3.85E-06,0.246,0.712,129.964,audio_features,56OTBUIn4xlmDhtPowlA2d,spotify:track:56OTBUIn4xlmDhtPowlA2d,https://api.spotify.com/v1/tracks/56OTBUIn4xlmDhtPowlA2d,https://api.spotify.com/v1/audio-analysis/56OTBUIn4xlmDhtPowlA2d,217133,4,"¿Qué fuimos?
Me pregunto porque yo nunca lo supe
A lo mejor no fuimos nada
Y no me has dicho
Y sólo porque me besabas
Yo imaginé que fuimos algo
¿Qué fuimos?
Te lo pregunto porque a mí me lo preguntan
Y todavía no sé decir una respuesta
Guardo silencio, porque no quiero decir una mentira
¿Qué fuimos?
Necesito definir mi situación
¿Estuve o no estuve dentro de tu corazón?
Sospecho, que no fuimos lo que todo el mundo cree
Y fuimos una historia que a nadie le contaré
¿Qué fuimos?
No me dejes con la duda por favor
Prometo, que no voy a decir que fuiste un error
¿Qué nombre le pondremos a las noches que te di?
¿Qué imagen tengo que tener de ti?
¿Qué fuimos?
Te lo pregunto porque a mí me lo preguntan
Y todavía no sé decir una respuesta
Guardo silencio, porque no quiero decir una mentira
¿Qué fuimos?
Necesito definir mi situación
¿Estuve o no estuve dentro de tu corazón?
Sospecho que no fuimos lo que todo el mundo cree
Y fuimos una historia que a nadie le contaré
¿Qué fuimos?
No me dejes con la duda por favor
Prometo que no voy a decir que fuiste un error
¿Qué nombre le ponemos a las noches que te di?
¿Qué imagen tengo que tener de ti?"
33i30iRaIfo7ABAaT5oqDy,PiÃ©nsalo - InÃ©dita,Banda Sinaloense MS de Sergio LizÃ¡rraga,62,En Vivo Guadalajara - Monterrey (Live),8/28/2015,0.804,0.867,7,-4.381,1,0.0653,0.233,0,0.252,0.956,157.358,audio_features,33i30iRaIfo7ABAaT5oqDy,spotify:track:33i30iRaIfo7ABAaT5oqDy,https://api.spotify.com/v1/tracks/33i30iRaIfo7ABAaT5oqDy,https://api.spotify.com/v1/audio-analysis/33i30iRaIfo7ABAaT5oqDy,155973,3,"Tú y yo mis labios besando tus labios, no sé
Piénsalo
Tú y yo este sábado bien enfiestados, no sé
Piénsalo
Tú y yo tomando en la misma botella
Pasándola agusto sintiendo atracción
Sigue tu instinto sentirás bonito
Por favor ya no me la hagas de emoción
Piénsalo
Me gustas, te gusto, pa' que nos hacemos
Te llevo la banda y nos amanecemos
Seré detallista, me encantas la neta
Te lleno de rosas mis dos camionetas
No es por presumir pero soy buena opción
Bonita pareja haríamos tú y yo
Piénsalo
Y suena y suena
Ms chiquitita
Tú y yo en el rancho montando a caballo, no sé
Piénsalo
Tu y yo una cena bajo las estrellas, no sé
Piénsalo
Tú y yo tomando en la misma botella
Pasándola agusto sintiendo atracción
Sigue tu instinto sentirás bonito
Por favor ya no me la hagas de emoción
Piénsalo
Me gustas, te gusto, pa' que nos hacemos
Te llevo la banda y nos amanecemos
Seré detallista, me encantas la neta
Te lleno de rosas mis dos camionetas
No es por presumir pero soy buena opción
Bonita pareja haríamos tú y yo
Piénsalo
Me gustas, te gusto, pa' que nos hacemos
Te llevo la banda y nos amanecemos
Seré detallista, me encantas la neta
Te lleno de rosas mis dos camionetas
No es por presumir pero soy buena opción
Bonita pareja haríamos tú y yo
Piénsalo"
3Tshb8DCw7TEdnNMJc8Yuw,Es Tuyo Mi Amor,Banda Sinaloense MS de Sergio LizÃ¡rraga,61,La Mejor VersiÃ³n De MÃ­,4/21/2017,0.717,0.546,7,-6.493,1,0.0798,0.436,0,0.0667,0.964,157.296,audio_features,3Tshb8DCw7TEdnNMJc8Yuw,spotify:track:3Tshb8DCw7TEdnNMJc8Yuw,https://api.spotify.com/v1/tracks/3Tshb8DCw7TEdnNMJc8Yuw,https://api.spotify.com/v1/audio-analysis/3Tshb8DCw7TEdnNMJc8Yuw,177000,3,"Dime qué me hiciste
Para que no deje de pensar en ti ni siquiera un momento
Dime qué me has dado
Para que mis ojos solo a ti te miren con amor sincero
Dime si no es cierto
Que el tiempo se para cuando suavemente rozamos los labios
Nada nos importa cuando estamos juntos porque nos amamos
Yo a ti te he elegido
Porque me has dado motivos
Para tenerte a mi lado
Porque al cerrar los ojos cada noche y verte que estás junto a mí
Le doy gracias al cielo por darme la dicha de tenerte aquí
No hay nada más hermoso que mirar tus ojos cada amanecer
Y acariciar tu piel
Tu voz y tu sonrisa hacen que te tenga en un pedestal
Y es que eres tan bonita, por eso te quiero cada día más
Todas estas palabras salen de mi boca y de mi corazón
Porque es tuyo mi amor
Dime si no es cierto
Que el tiempo se para cuando suavemente rozamos los labios
Nada nos importa cuando estamos juntos porque nos amamos
Yo a ti te he elegido
Porque me has dado motivos
Para tenerte a mi lado
Porque al cerrar los ojos cada noche y verte que estás junto a mí
Le doy gracias al cielo por darme la dicha de tenerte aquí
No hay nada más hermoso que mirar tus ojos cada amanecer
Y acariciar tu piel
Tu voz y tu sonrisa hacen que te tenga en un pedestal
Y es que eres tan bonita, por eso te quiero cada día más
Todas estas palabras salen de mi boca y de mi corazón
Porque es tuyo mi amor
Porque es tuyo mi amor"
01dVdmSV7eaVgRzUAi6o13,A MÃ­ Me Esta Doliendo,Banda Sinaloense MS de Sergio LizÃ¡rraga,62,Que BendiciÃ³n,2/5/2016,0.779,0.389,10,-6.278,1,0.0312,0.248,5.13E-06,0.0641,0.674,114.941,audio_features,01dVdmSV7eaVgRzUAi6o13,spotify:track:01dVdmSV7eaVgRzUAi6o13,https://api.spotify.com/v1/tracks/01dVdmSV7eaVgRzUAi6o13,https://api.spotify.com/v1/audio-analysis/01dVdmSV7eaVgRzUAi6o13,225960,4,"A mí que me gustaba tanto presumirte
Y ahora qué digo cuando me pregunten
Qué fue de nosotros
Quién le falló a quién
A mí que me gustaba tanto darte besos
Cerrando mis ojos y luego quitarte
Tu ropa despacio
Y hacerte el amor
A mí que me gustaba tanto hablar
Que nuestro amor nunca se iba a acabar
A mí que me gustaba tanto no llorar
A mí que me gustaba tanto hacerte mía
A mí me está doliendo cada día, cada noche sin ti
A mí que me gustaba cómo me veías
Y con la boca siempre me comías, a mí
A mí me está doliendo mucho estar sin ti
A mí que me gustaba tanto hablar
Que nuestro amor nunca se iba a acabar
A mí que me gustaba tanto no llorar
A mí que me gustaba tanto hacerte mía
A mí me está doliendo cada día, cada noche sin ti
A mí que me gustaba cómo me veías y con la boca siempre me comías, a mí
A mí me está doliendo mucho estar sin ti"
7LSPHfVcaebR9Oo20ZyRDd,Me Gusta Tu Vieja,Banda Sinaloense MS de Sergio LizÃ¡rraga,61,No Me Pidas PerdÃ³n,6/24/2014,0.831,0.546,5,-5.408,1,0.0513,0.561,0.00123,0.0862,0.967,134.946,audio_features,7LSPHfVcaebR9Oo20ZyRDd,spotify:track:7LSPHfVcaebR9Oo20ZyRDd,https://api.spotify.com/v1/tracks/7LSPHfVcaebR9Oo20ZyRDd,https://api.spotify.com/v1/audio-analysis/7LSPHfVcaebR9Oo20ZyRDd,187880,3,"Compa, me gusta su vieja
Y si hay pedo, lo arreglamos
A lo mejor, no lo nota
Pero ella y yo nos gustamos
Si le dolió el comentario
Hasta balazos nos damos
Compa, me está confundiendo
Yo no ando con esa morra
Yo ando con pura princesa
Quédese con esa zorra
No se olvide que hay niveles
Y yo no tomo de gorra
Y vamos a ver de cómo nos toca
Pinche tacuache igualado
No este ofendiendo a mi vieja
Cuide su comportamiento
Manejo carro del año
Con armas en el asiento
No ponga en riesgo su vida
Soy un matón se lo advierto
Guarde su pinche pistola
Voy a dejarlo en vergüenza
Y mañana su cadáver
Puede salir en la prensa
A los gatos como ustedes
No les permito una ofensa
Este bato no sabe con quién se mete
Abuzado, viejo
Está hablando con el diablo
A cargo de mucha gente
Tengo el poder en la zona
Y no fue por accidente
Es porque tengo talento
Soy un hombre inteligente
Ya sé para quien trabaja
Pero a mí me vale madre
Voy a cortarle la lengua
Para que el perro no ladre
Desde hoy se va de la empresa
Porque su jefe es mi padre"
5VbucfTj1hPH1Kpvs6uLqy,Se Podria Decir,Banda Sinaloense MS de Sergio LizÃ¡rraga,60,Con Todas Las Fuerzas,9/14/2018,0.753,0.424,7,-7.223,1,0.0479,0.21,0,0.0926,0.633,140.039,audio_features,5VbucfTj1hPH1Kpvs6uLqy,spotify:track:5VbucfTj1hPH1Kpvs6uLqy,https://api.spotify.com/v1/tracks/5VbucfTj1hPH1Kpvs6uLqy,https://api.spotify.com/v1/audio-analysis/5VbucfTj1hPH1Kpvs6uLqy,204840,4,"He intentado explicarle al corazón
Que tiene que aprender a vivir sin ti
Quisiera ya no buscarte pero es inútil
A veces me desespero y
Te llamo cuando ya no puedo más
Cuando algo se apodera de mi calma
Te digo que llamé pa' saludar
Aunque por dentro se me parte el alma
Te busco cuando ya no se que hacer
Y finjo que ya estoy de maravilla
Aunque presiento que tu sabes bien
Que todavía no sales de mi vida
Se podría decir que estoy bien
Se podría decir que ya aprendí a vivir sin ti
Que ya no dueles, que ya no extraño
Que ya ni siento tu mirar
Que ya no tomo como antes
Y hasta olvidé cómo llorar
Se podría decir que estoy bien
Que por las noches ya no le hablo a Dios de ti
Ya no le cuento, ya no le pido
Que algún día te haga regresar
Me desvelo y me da frío
Si alguien te llega a mencionar
Se podría decir que estoy bien
Se podría decir que ya aprendí a vivir sin ti
Que ya no dueles, que ya no extraño
Que ya ni siento tu mirar
Que ya no tomo como antes
Y hasta olvidé cómo llorar
Se podría decir que estoy bien
Que por las noches ya no le hablo a Dios de ti
Ya no le cuento, ya no le pido
Que algún día te haga regresar
Me desvelo y me da frío
Si alguien te llega a mencionar
Se podría decir que estoy bien
Hasta que entiendo
Que ya no somos, que ya no estas
Que ya no hay marcha atrás"
4CAoxv3Sppq7udbStUqk9D,Las Cosas No Se Hacen AsÃ­,Banda Sinaloense MS de Sergio LizÃ¡rraga,61,La Mejor VersiÃ³n De MÃ­,4/21/2017,0.785,0.395,10,-8.216,1,0.035,0.195,0.000113,0.137,0.766,119.891,audio_features,4CAoxv3Sppq7udbStUqk9D,spotify:track:4CAoxv3Sppq7udbStUqk9D,https://api.spotify.com/v1/tracks/4CAoxv3Sppq7udbStUqk9D,https://api.spotify.com/v1/audio-analysis/4CAoxv3Sppq7udbStUqk9D,225427,4,"Puse de mi parte
Pero te dió lo mismo
Ya tenías claro
Para donde ibas
En tu mente ya no estaba yo
Seguías conmigo pero se acabó
Y no lo supe por ti
Creo que fue lo que más dolió
Si tenías a alguien más
Para qué subir esa foto conmigo
Acaso no sabes que cuando leí
La parte que dice siento algo por ti
No sentí bonito
Si solo querías jugar
Me lo hubieras dicho, yo tengo 18
Ya no soy un niño, pude haber jugado
Yo también contigo falta de confianza
No era necesario
Hacerme llorar
Solo tú reíste, yo me deprimí
Y eso no se vale
Las cosas no se hacen así
Si tenías a alguien más
Para qué subir esa foto conmigo
Acaso no sabes que cuando leí
La parte que dice siento algo por ti
No sentí bonito
Si solo querías jugar
Me lo hubieras dicho, yo tengo 18
Ya no soy un niño, pude haber jugado
Yo también contigo falta de confianza
No era necesario
Hacerme llorar
Solo tú reíste, yo me deprimí
Y eso no se vale
Las cosas no se hacen así"
4kWSjThlxWBli7PzGQJ3EQ,Como Dejo De Quererte,Banda Sinaloense MS de Sergio LizÃ¡rraga,60,Con Todas Las Fuerzas,9/14/2018,0.722,0.319,10,-6.809,1,0.0486,0.551,1.80E-06,0.0912,0.757,75.027,audio_features,4kWSjThlxWBli7PzGQJ3EQ,spotify:track:4kWSjThlxWBli7PzGQJ3EQ,https://api.spotify.com/v1/tracks/4kWSjThlxWBli7PzGQJ3EQ,https://api.spotify.com/v1/audio-analysis/4kWSjThlxWBli7PzGQJ3EQ,238427,4,"¿Cómo dejo de quererte?
Que alguien me diga
¿Cómo dejo de quererte?
Ya intenté de todo
Ya nadie me busca porque cuando me emborracho
Nomás hablo de nosotros
No vengo a pedir que vuelvas
Por Dios te juro
No vengo a pedir que vuelvas
Quiero que me ayudes
Quiero que me trates peor de cómo me tratabas
Cuando se supone estuve
Ya no quiero quererte
Pisotea mi orgullo
Ya sabes que ahí me duele
Mátame de celos
Pásame con otro, y otro y otro, por enfrente
Ve y habla de mí y no bien precisamente
A ver si con esto
Me acomodo y dejo de extrañarte y de quererte
Déjame bien claro
Lo que nunca fui
Y lo que no seré en tu vida
Hazme sentir nada y que me duela esta caída
Ojalá y con eso
Este pinche perro sentimiento se me olvida
Mátame de celos
Pásame con otro, y otro y otro, por enfrente
Ve y habla de mí y no bien precisamente
A ver si con esto
Me acomodo y dejo de extrañarte y de quererte
Déjame bien claro
Lo que nunca fui
Y lo que no seré en tu vida
Hazme sentir nada y que me duela esta caída
Ojalá y con eso
Este pinche perro sentimiento se me olvida"
3LkdhRNCXimKvOrO5vl0rC,De Ti Enamorado,Banda Sinaloense MS de Sergio LizÃ¡rraga,60,Amor Enfermo,1/1/2011,0.704,0.563,4,-4.307,0,0.0278,0.405,0.00146,0.133,0.814,129.932,audio_features,3LkdhRNCXimKvOrO5vl0rC,spotify:track:3LkdhRNCXimKvOrO5vl0rC,https://api.spotify.com/v1/tracks/3LkdhRNCXimKvOrO5vl0rC,https://api.spotify.com/v1/audio-analysis/3LkdhRNCXimKvOrO5vl0rC,205667,4,"No te molestes conmigo
Si te digo lo que estoy sintiendo
Es tan grande el sentimiento
Ya no puedo seguirlo escondiendo, no
Son muchas noches de angustia
Dibujando tu cuerpo en el aire
Y entre sueños te veo conmigo
La verdad muero por abrazarte
No tengas miedo que yo siempre estaré contigo
Para protegerte, para hacerte fuerte
Deja que mis manos convenzan a tu piel callada
Y me digas te amo y besar tus labios
Es tan necesario que me escuches
Porque estoy de ti enamorado
¿Cómo lograr que me mires?
Con tus ojos que son mi esperanza
¿Cómo hacer que tus labios me llamen?
Y me digas un día que me amas
Son muchas noches de angustia
Dibujando tu cuerpo en el aire
Y entre sueños, te veo conmigo
La verdad muero por abrazarte
No tengas miedo que yo siempre estaré contigo
Para protegerte, para hacerte fuerte
Deja que mis manos convenzan a tu piel callada
Y me digas te amo y besar tus labios
Es tan necesario que me escuches
Porque estoy de ti enamorado"
4VinpEidS9wmMuqmljyd21,Se Va Muriendo Mi Alma - En Vivo,Banda Sinaloense MS de Sergio LizÃ¡rraga,60,En Vivo Guadalajara - Monterrey (Live),8/28/2015,0.596,0.58,7,-6.861,1,0.0363,0.354,3.93E-06,0.306,0.842,123.495,audio_features,4VinpEidS9wmMuqmljyd21,spotify:track:4VinpEidS9wmMuqmljyd21,https://api.spotify.com/v1/tracks/4VinpEidS9wmMuqmljyd21,https://api.spotify.com/v1/audio-analysis/4VinpEidS9wmMuqmljyd21,231800,4,"Por pensar que tu volverás conmigo
Y saber que ahora ya tienes abrigo
Aquí, se va muriendo mi alma
Se va nublando cada día mas
El cielo de mi esperanza
Porque la vida no me dice nada
Porque tengo temor a las miradas
Así, se va muriendo mi alma
Y va creciendo ese vacío en mi
Que no lleno con nada
Es tu amor
El que no me deja vivir
Del que no puedo desistir
Pues muy adentro se quedo
Como una luz que nunca se apago
Como una noche eterna
Que nunca amaneció
Olvidar
Como es posible olvidar
La única vez que supe amar
Y ahora tengo que renunciar
A lo mas bello que jamas sentí
Pero ahora solo hiere y tu
Ni te acuerdas de mi
Es tu amor
El que no me deja vivir
Del que no puedo desistir
Pues muy adentro se quedo
Como una luz que nunca se apago
Como una noche eterna
Que nunca amanecio
Olvidar
Como es posible olvidar
La unica vez que supe amar
Y ahora tengo que renunciar
A lo mas bello que jamas senti
Pero ahora solo hiere y tu
Ni te acuerdas de mi"
4SfAYd9hmXBG1IrtoCbvhp,Por Que Al Conocerte,Banda Sinaloense MS de Sergio LizÃ¡rraga,57,Que BendiciÃ³n,2/5/2016,0.734,0.442,2,-5.614,0,0.0504,0.36,0,0.0481,0.964,145.095,audio_features,4SfAYd9hmXBG1IrtoCbvhp,spotify:track:4SfAYd9hmXBG1IrtoCbvhp,https://api.spotify.com/v1/tracks/4SfAYd9hmXBG1IrtoCbvhp,https://api.spotify.com/v1/audio-analysis/4SfAYd9hmXBG1IrtoCbvhp,147733,3,"Me había prometido
No enamorarme
Pasarla tranquilo
Y no desesperarme
Hasta aposte con mis amigos
No salir con nadie
Que dejaría pasar
Por lo menos un tiempo
Divertirme mucho
Pero nada en serio
Que mal me salieron los planes
Ahora que te veo
Porque al conocerte
Me di cuenta que
Tú serias la mujer
Que cambiaría mi vida
No sé qué me diste
Que estás en mi mente
De noche y de día
Al probar tus besos
Ricos y traviesos
Le das alegría a mi corazón
Porque al conocerte
Fue creciendo algo
En mi interior
Que nunca había sentido
No sé qué le pasa
A este corazón
Que perdió los estribos
No quiso hacer caso
Y cayó en tus brazos
Se me reveló
Y se enamoró
Porque al conocerte
Me di cuenta que
Tú serias la mujer
Que cambiaría mi vida
No sé qué me diste
Que estás en mi mente
De noche y de día
Al probar tus besos
Ricos y traviesos
Le das alegría a mi corazón
Porque al conocerte
Fue creciendo algo
En mi interior
Que nunca había sentido
No sé qué le pasa
A este corazón
Que perdió los estribos
No quiso hacer caso
Y cayó en tus brazos
Se me revelo
Y se enamoró"
6XBcXHqRUxlUlVmyv4Scjm,No Te Imaginas,Banda Sinaloense MS de Sergio LizÃ¡rraga,59,Con Todas Las Fuerzas,9/14/2018,0.672,0.418,3,-6.28,1,0.0418,0.163,0,0.276,0.789,166.004,audio_features,6XBcXHqRUxlUlVmyv4Scjm,spotify:track:6XBcXHqRUxlUlVmyv4Scjm,https://api.spotify.com/v1/tracks/6XBcXHqRUxlUlVmyv4Scjm,https://api.spotify.com/v1/audio-analysis/6XBcXHqRUxlUlVmyv4Scjm,183627,4,"Tanta perfección no se puede negar
Yo se que les envidia cuando nos miran pasar
Eres para mi, y para nadie mas
Ya lo he decidido que este es mi lugar
Yo me la encontré, así sin querer
Su amor fue mi sorpresa vieran que bonito es
Un beso para mi, no tiene explicación
Se lo dice aquel que no creía en el amor
De tu amor me embriague
De ti me enamore
Estar aquí a tu lado un día lo soñé
Soy el mas feliz, adoro tu reír
No hay nada en este mundo que se asemeje a ti
Y es que no te imaginas
Todo, todo lo que siento
Si por fuera se me nota
Imagínate por dentro
Yo no sabes todo lo que me provocas, mamacita
De tu amor me embriague
De ti me enamore
Estar aquí a tu lado un día lo soñé
Soy el mas feliz, adoro tu reír
No hay nada en este mundo que se asemeje a ti
Y es que no te imaginas
Todo, todo lo que siento
Si por fuera se me nota
Imagínate por dentro"
3tDBo1xhNQvT8FcKUMZxZa,Si Cruzas La Puerta,Banda Sinaloense MS de Sergio LizÃ¡rraga,58,Con Todas Las Fuerzas,9/14/2018,0.731,0.454,7,-6.536,1,0.0286,0.116,9.56E-06,0.0993,0.486,124.918,audio_features,3tDBo1xhNQvT8FcKUMZxZa,spotify:track:3tDBo1xhNQvT8FcKUMZxZa,https://api.spotify.com/v1/tracks/3tDBo1xhNQvT8FcKUMZxZa,https://api.spotify.com/v1/audio-analysis/3tDBo1xhNQvT8FcKUMZxZa,229453,4,"No quiero que me busques
Cuando se cansen de jugar contigo
No quiero que me llames
No atenderé peticiones de auxilio
No quiero que regreses
Para ese entonces ya te habré olvidado
Nomás te lo aviso.
Si Cruzas La Puerta
Desde ese momento dame por perdido
Si estás convencida de que quieres irte
Yo no te lo impido
No soy el primero
Que pasa por una situación así
No me voy a morir.
Si Cruzas La Puerta
No habrá vuelta de hoja lo nuestro se acaba
Tu carita triste perderá el poder
No servirá de nada
Si Cruzas La Puerta
Voy a dar por hecho que ya no te importo
Si hago otra vida
Si me vez con otra.
Si Cruzas La Puerta
Desde ese momento dame por perdido
Si estás convencida de que quieres irte
Yo no te lo impido
No soy el primero
Que pasa por una situación así
No me voy a morir.
Si Cruzas La Puerta
No habrá vuelta de hoja lo nuestro se acaba
Tu carita triste perderá el poder
No servirá de nada
Si Cruzas La Puerta
Voy a dar por hecho que ya no te importo
Si hago otra vida
Si me vez con otra"
3Odhzg269lNP45GDxXTY8Y,De Haber Sabido,Banda Sinaloense MS de Sergio LizÃ¡rraga,56,Que BendiciÃ³n,2/5/2016,0.616,0.33,10,-6.468,1,0.0428,0.525,3.17E-06,0.11,0.603,74.899,audio_features,3Odhzg269lNP45GDxXTY8Y,spotify:track:3Odhzg269lNP45GDxXTY8Y,https://api.spotify.com/v1/tracks/3Odhzg269lNP45GDxXTY8Y,https://api.spotify.com/v1/audio-analysis/3Odhzg269lNP45GDxXTY8Y,242427,5,"De lo que me salve contigo
Ya me habían dicho
Y no lo quería creer
Que te gusta andar
De arriba para abajo
Que cuando querías
Me mandarías al carajo
Que tu vida era un relajo
Pero que le iba yo a hacer
De lo que me salve contigo
Ya la libre bendito dios
Ya la libre
Ya no me pasa
Otra experiencia tan amarga
No te lo niego
Chiquitita que me encantas
Pero así como tú hay tantas
Que si me sabrán querer
De haber sabido
Que la muñeca
Me quería pa jugar
Y ahi voy de tonto
Queriéndola enamorar
Que estupidez
Soñar llevándola al altar
De haber sabido
Que ante la gente
Iba a pasar estas vergüenzas
Todo por tonto
Y por querer más de la cuenta
De haber sabido
Le hubiera dicho que no
Cuando me la presento
Mi compa
De haber sabido
Que la muñeca
Me quería pa jugar
Y hay voy de tonto
Queriéndola enamorar
Que estupidez
Soñar llevándola al altar
De haber sabido
Que ante la gente
Iba a pasar estas vergüenzas
Todo por tonto
Y por querer más de la cuenta
De haber sabido
Le hubiera dicho que no
Cuando me la presento
Mi compa"
2vlIZuftr5G7S3VYYzxYww,IncreÃ­ble,Banda Sinaloense MS de Sergio LizÃ¡rraga,56,Las Bandas RomÃ¡nticas,1/29/2016,0.679,0.625,8,-5.351,1,0.0459,0.6,2.87E-05,0.0588,0.961,165.026,audio_features,2vlIZuftr5G7S3VYYzxYww,spotify:track:2vlIZuftr5G7S3VYYzxYww,https://api.spotify.com/v1/tracks/2vlIZuftr5G7S3VYYzxYww,https://api.spotify.com/v1/audio-analysis/2vlIZuftr5G7S3VYYzxYww,168693,3,"Le mandé un mensaje y no ha contestado
Será que no quiere seguir a mi lado
Sigue con el cuento me tiene olvidado
Que lo de nosotros quedó en el pasado
Que ya tienes otros, que es un empresario
Cambiaste mis besos por carros del año
Que yo soy culpable, de lo que ha pasado
Quieres un pretexto para terminarlo
Y es que tú no sabes lo que ha pasado por mi pensamiento?
Embriague las penas de mis sentimientos
Es que es imposible como toleraba todo este desprecio
Me limpie las lágrimas para esconderlo
Increíble lo que has hecho
Todos los recuerdos, tantas emociones
Y caí en la trampa de tus atracciones
Que si fuiste mía en cada momento?
O solo era parte de tu pasatiempo?
Fueron tantas dudas, un rompecabezas
Con tantas mentiras ya no hallas que la puerta
Ahora me cobijo con esta tristeza
Si bien lo recuerdo faltaba una pieza
Que me diera cuenta
Y es que tú no sabes lo que ha pasado por mi pensamiento?
Embriague las penas de mis sentimientos
Es que es imposible como toleraba todo este desprecio
Me limpie las lágrimas para esconderlo
Increíble lo que has hecho"
6BBWzxX2rhG1YtI7Kzasqo,Mejor Me Alejo,Banda Sinaloense MS de Sergio LizÃ¡rraga,61,Mejor Me Alejo,8/10/2018,0.823,0.391,0,-6.48,1,0.0454,0.262,1.30E-06,0.107,0.525,124.067,audio_features,6BBWzxX2rhG1YtI7Kzasqo,spotify:track:6BBWzxX2rhG1YtI7Kzasqo,https://api.spotify.com/v1/tracks/6BBWzxX2rhG1YtI7Kzasqo,https://api.spotify.com/v1/audio-analysis/6BBWzxX2rhG1YtI7Kzasqo,201960,4,"Creo que ya no quiero andar contigo
Y claro que sabes porque te lo digo
Porque como siempre
Negarte es la parte
Que mejor te sale
No me lo confirmes, ya sé que te vale
Y tienes razón y quieres ganar
Ya somos adultos deja de jugar
Te advierto
Que le queda muy poco de vida a este cuento
Las cosas que haces y dices me afectan
Y solo si son tus errores no cuentan
No, no, no
No me pidas que me calle, que baje la voz
Yo lo he dado todo por nosotros dos
Y tú con mirada de no siento nada
No
No me pidas que me calme
¿Que te van a oír?
No me da la gana
Solo te vengo a exigir
Respeto
O mejor
Te dejo
Otro error y pum
Yo mejor me alejo
Te advierto
Que le queda muy poco de vida a este cuento
Las cosas que haces y dices me afectan
Y solo si son tus errores no cuentan
No, no, no
No me pidas que me calle, que baje la voz
Yo lo he dado todo por nosotros dos
Y tú con mirada de no siento nada
No
No me pidas que me calme
Que te van a oír
No me da la gana
Solo te vengo a exigir
Respeto
O mejor
Te dejo
Otro error y pum
Yo mejor me alejo"
72CgVXtryN8G1i1KHxsmge,Hace Un Mes,Banda Sinaloense MS de Sergio LizÃ¡rraga,57,Con Todas Las Fuerzas,9/14/2018,0.799,0.395,0,-5.743,1,0.0351,0.263,0,0.12,0.566,119.953,audio_features,72CgVXtryN8G1i1KHxsmge,spotify:track:72CgVXtryN8G1i1KHxsmge,https://api.spotify.com/v1/tracks/72CgVXtryN8G1i1KHxsmge,https://api.spotify.com/v1/audio-analysis/72CgVXtryN8G1i1KHxsmge,195320,4,"Fuiste mía alguna vez
No hace mucho hace un mes
Me dejaste y empezaste
A salir con alguien más
Yo no he salido sin ti
Con mi ex nunca volví
Yo lo único que quiero es
Que sepas que me muero
Sin tus ojos viéndome
Sin tu boca hablándome
Sin tu cuerpo sobre el mío
Protegiéndome del frío
Sin la posibilidad
De tu amor y tu amistad
Tirando piedras al río
Porque ya tu amor no es mío
No hace mucho
Hace un mes
Yo no he salido sin ti
Con mi ex nunca volví
Yo lo único que quiero es
Que sepas que me muero
Sin tus ojos viéndome
Sin tu boca hablándome
Sin tu cuerpo sobre el mío
Protegiéndome del frío
Sin la posibilidad
De tu amor y tu amistad
Tirando piedras al río
Porque ya tu amor no es mío
No hace mucho
Hace un mes
No hace mucho
Hace un mes"
2W83CUz2xGFSm2Sfvj5P1q,Sin Evidencia,Banda Sinaloense MS de Sergio LizÃ¡rraga,56,Las Bandas RomÃ¡nticas,1/29/2016,0.738,0.567,8,-6.34,1,0.0391,0.543,0.000108,0.0694,0.971,150.066,audio_features,2W83CUz2xGFSm2Sfvj5P1q,spotify:track:2W83CUz2xGFSm2Sfvj5P1q,https://api.spotify.com/v1/tracks/2W83CUz2xGFSm2Sfvj5P1q,https://api.spotify.com/v1/audio-analysis/2W83CUz2xGFSm2Sfvj5P1q,163493,3,"Como de costumbre voy de madrugada
Con un ligero aliento de un buen Buchanans
Trigo la camisa toda perfumada
Pa ver que nuevo pretexto ahora me salva
No debo dejar ni una evidencia
Mi experiencia puede mas que mi consciencia
Siempre busco la manera de decirle
Y me cree lo q le digo a pesar de mentirle
Por eso es que tuve que inventar
Que hoy mi junta se alargo de mas
Se le acabo la pila al celular
Por eso no te pude contestar
Espero y te sirva esta explicación
Una llanta del carro se poncho
Y al cambiarla un gato me salto
Por eso es que en la espalda araño
Duerme tranquila mi amor
No debo dejar ni una evidencia
Mi experiencia puede mas que mi consciencia
Siempre busco la manera de decirle
Y me cree lo que le digo a pesar de mentirle
Por eso es que tuve que inventar
Que hoy la junta se alargo de mas
Se le acabo la pila al celular
Por eso no te pude contestar
Espero y te sirva esta explicación
Una llanta del carro se poncho
Y al cambiarla un gato me salto
Por eso es que en la espalda me araño
Duerme tranquila mi amor"
45aFUmuYDIL4biQYNfiGSQ,A Mi Tambien Me Vale,Banda Sinaloense MS de Sergio LizÃ¡rraga,56,La Mejor VersiÃ³n De MÃ­,4/21/2017,0.775,0.361,0,-7.798,1,0.073,0.487,0,0.128,0.909,144.855,audio_features,45aFUmuYDIL4biQYNfiGSQ,spotify:track:45aFUmuYDIL4biQYNfiGSQ,https://api.spotify.com/v1/tracks/45aFUmuYDIL4biQYNfiGSQ,https://api.spotify.com/v1/audio-analysis/45aFUmuYDIL4biQYNfiGSQ,198320,3,"Search Results
Knowledge Result
A Mi Tambien Me Vale
Banda MS
No me sorprende
Esta noticia no me cae como agua helada
Quieres terminar conmigo, ¿desde cuándo lo pensabas?
Ya lo sabía, ya lo esperaba
Voy a olvidarte
Voy a olvidarte porque ya lo decidí
Si quieres, puedes marcharte
Aquí nadie va a morir, no te preocupes, estaré bien sin ti
A mí también me vale
La verdad, ni tiempo tengo pa' extrañarte
En esta vida nadie es indispensable
Y ahí te encargo que no vuelvas a buscarme
Porque voy a despreciarte
A mí también me vale
Es muy probable que, algún día, te sientas sola
Yo ya no vuelvo ni aunque pongas veladora
No está en mis planes volver con esa persona
Que a la primera me abandona
Si a ti no te importó, a mí también
Me vale madre nuestro amor
Y ni falta que haces, chiquilla, aoh
A mí también me vale
La verdad, ni tiempo tengo pa' extrañarte
En esta vida nadie es indispensable
Y ahí te encargo que no vuelvas a buscarme
Porque voy a despreciarte
A mí también me vale
Es muy probable que, algún día, te sientas sola
Yo ya no vuelvo ni aunque pongas veladora
No está en mis planes volver con esa persona
Que a la primera me abandona
Si a ti no te importó, a mí también
Me vale madre nuestro amor"
4UMEfSlU8YwRDHfXQWDYxc,La Sacamos Del Estadio,Banda Sinaloense MS de Sergio LizÃ¡rraga,57,Con Todas Las Fuerzas,9/14/2018,0.896,0.57,10,-6.243,1,0.0584,0.177,1.49E-05,0.0964,0.944,114.933,audio_features,4UMEfSlU8YwRDHfXQWDYxc,spotify:track:4UMEfSlU8YwRDHfXQWDYxc,https://api.spotify.com/v1/tracks/4UMEfSlU8YwRDHfXQWDYxc,https://api.spotify.com/v1/audio-analysis/4UMEfSlU8YwRDHfXQWDYxc,205400,1,"Los cuartitos y los botes son mi fuerte
Cuando me pongo a tomar
Si no hay de otra tomo Whisky
En un vasito de esos rojos
También eso de fresear
Se me da
Cierro un antro
Porque hay modo
O porque nomás
La gana se me da
Sinaloa es hecho y derecho
Soy de un pueblo cerquita de mazatlán
Ni muy santo ni muy vago
Ni muy manso ni muy bravo
Y el que quiere jugar mal
No es por ahí
No me gustan los problemas
Pero aquí se sientan para platicar
Enamorado
De mis viejos que no me dejan abajo
Con la mente y la familia en el trabajo
Y pa' compensar la chinga si se puede
En la sierra me relajo
A mi gente
Está de sobra decirles que estoy al tiro
Mis compadres mis amigos que les digo
Que aquí estoy pa' las que sea y en donde sea
Saben que cuentan conmigo
Ir pa'l rancho la música y las canciones
Nunca me van a cansar
Lo que como es bien ganado
No tolero los alzados
La amistad es de verdad
Trabajar
El secreto pa' la bola de envidiosos
Se los acabo de dar
La Sacamos Del Estadio
Y como quiera a muchos no les pareció
Por mi que hablen lo que quieran
Uno vive a su manera
Gracias al que si confió
Y a mi dios
Segundo piso en la oficina
Los atiendo pa' cualquier aclaración
Enamorado
De mis viejos que no me dejan abajo
Con la mente y la familia en el trabajo
Y pa' compensar la chinga si se puede
En la sierra me relajo
A mi gente
Está de sobra decirles que estoy al tiro
Mis compadres mis amigos que digo
Que aquí estoy pa' las que sea y en donde sea
Saben que cuentan conmigo"
6D8qailERyov9NzV2d5kwh,De Una Vez,Banda Sinaloense MS de Sergio LizÃ¡rraga,56,Con Todas Las Fuerzas,9/14/2018,0.792,0.576,2,-5.668,0,0.0596,0.357,0,0.0484,0.972,120.077,audio_features,6D8qailERyov9NzV2d5kwh,spotify:track:6D8qailERyov9NzV2d5kwh,https://api.spotify.com/v1/tracks/6D8qailERyov9NzV2d5kwh,https://api.spotify.com/v1/audio-analysis/6D8qailERyov9NzV2d5kwh,131160,3,"Ya le di vueltas a todo
Y nomás no le encuentro
Ni el lado ni el modo
Pero aquí seguimos queriendo que jale
Lo que está en el lodo.
Por mas que busco no encuentro
Y perdón si tal vez te resulto violento
Pero está muy claro que ya no sabemos
Pa' donde va esto.
No nos ponemos de acuerdo
Y lo que se va a hacer
Pues que se vaya haciendo
Pero De Una Vez
De Una Vez
Pa' que le damos vueltas
Si este amor ya se acabó
Y no nos damos chanse
De que llegue algo mejor.
Tu y yo ya nos tocamos
Nomás por obligación.
De Una Vez
Si ya va a reventar la liga que sea
De Una Vez
La neta es que contigo conocí eso del estrés
Los vicios y lo malo
Hay que cortarlos De Una Vez.
Si ya no tiene caso ni pa' que
Y perdón que te repita
Pero esto hay que cortarlo
De Una Vez.
De Una Vez
Pa' que le damos vueltas
Si este amor ya se acabó
Y no nos damos chanse
De que llegue algo mejor.
Tu y yo ya nos tocamos
Nomás por obligación.
De Una Vez
Si ya va a reventar la liga que sea
De Una Vez
La neta es que contigo conocí eso del estrés
Los vicios y lo malo
Hay que cortarlos De Una Vez.
Si ya no tiene caso ni pa' que
Y perdón que te repita
Pero esto hay que cortarlo
De una vez"
4MzglbfmgFrjfmyEaoKNmD,"Cahuates, Pistaches",Banda Sinaloense MS de Sergio LizÃ¡rraga,54,"Cahuates, Pistaches",1/1/2009,0.821,0.872,2,-5.113,0,0.218,0.139,0,0.135,0.945,159.962,audio_features,4MzglbfmgFrjfmyEaoKNmD,spotify:track:4MzglbfmgFrjfmyEaoKNmD,https://api.spotify.com/v1/tracks/4MzglbfmgFrjfmyEaoKNmD,https://api.spotify.com/v1/audio-analysis/4MzglbfmgFrjfmyEaoKNmD,177053,4,"¡Y todos a bailar!
¡Rico, rico, rico, rico!
Yo vengo desde Escuinapa a Mazatlán a trabajar
Yo vengo desde Escuinapa a Mazatlán a trabajar
Y tengo una bicicleta con una jabita atrás
Y tengo una bicicleta con una jabita atrás
Me dicen el pelirojo yo no sé por qué será
Me dicen el pelirojo yo no sé por qué será
Yo vendo mis cahuatitos y pistaches nada más
Yo vendo mis cahuatitos y pistaches nada más
Y la gente me dice
Y la gente me llama
Y cómo le llaman compadre
Y cómo le llama
Cahuates, cahuates, cahuates, cahuates
Cahuates pistaches
Cahuates pistaches
Cahuates pistaches
Cahuates pistaches
¿A cuánto la bolsa?
¿A cuánto la bolsa?
¿A cuánto la bolsa?
¿A cuánto la bolsa?
A diez la bolsita
A diez la bolsita
A diez la bolsita
A diez la bolsita
Con sal y limon y chile
Con sal y limon y chile
Con sal y limon y chile
Con sal y limon y chile
Y seguimos, seguimos
Seguimos bailando con la Banda MS
Yo vengo desde Escuinapa a Mazatlán a trabajar
Yo vengo desde Escuinapa a Mazatlán a trabajar
Y tengo una bicicleta con una jabita atrás
Y tengo una bicicleta con una jabita atrás
Me dicen el pelirojo, yo no sé por qué será
Me dicen el pelirojo, yo no sé por qué será
Yo vendo mis cahuatitos y pistaches nada más
Yo vendo mis cahuatitos y pistaches nada más
Y la gente me dice
Y la gente me llama
Y cómo le llaman compadre
Y cómo le llama
Cahuates, cahuates, cahuates, cahuates
Cahuates pistaches
Cahuates pistaches
Cahuates pistaches
Cahuates pistaches
¿A cuánto la bolsa?
¿A cuánto la bolsa?
¿A cuánto la bolsa?
¿A cuánto la bolsa?
A diez la bolsita
A diez la bolsita
A diez la bolsita
A diez la bolsita
Con sal y limon y chile
Con sal y limon y chile
Con sal y limon y chile
Con sal y limon y chile
Cahuates pistaches
Cahuates pistaches
Cahuates pistaches
Cahuates pistaches
¿A cuánto la bolsa?
¿A cuánto la bolsa?
¿A cuánto la bolsa?
¿A cuánto la bolsa?
A diez la bolsita
A diez la bolsita
A diez la bolsita
A diez la bolsita
Con sal y limon y chile
Con sal y limon y chile
Con sal y limon y chile
Con sal y limon y chile"
3HWuHR6qCwwwpXU192XJcq,No Soy Como Piensas,Banda Sinaloense MS de Sergio LizÃ¡rraga,56,Que BendiciÃ³n,2/5/2016,0.704,0.453,10,-5.911,1,0.0281,0.259,1.73E-06,0.108,0.723,129.939,audio_features,3HWuHR6qCwwwpXU192XJcq,spotify:track:3HWuHR6qCwwwpXU192XJcq,https://api.spotify.com/v1/tracks/3HWuHR6qCwwwpXU192XJcq,https://api.spotify.com/v1/audio-analysis/3HWuHR6qCwwwpXU192XJcq,210333,4,"No sé cómo piensas esa es la verdad
Estás a tiempo de recapacitar
Yo no soy un ángel bajado del cielo
Si sigues aquí te puedo lastimar
No pierdas tu tiempo y vete de mí
Busca un hombre bueno que te haga feliz
Aunque yo jamás me lo perdonaría
Yo soy el maestro y tú eres la aprendiz
Soy tan experto en el arte de amar
Y también del engaño
Pero contigo prefiero alejarme que hacerte más daño
Que pudiera decir, que soy el hombre más fiel en ésta tierra
De ilusionarte y decirte al oído
Lo que tú deseas
Que pudiera decir que estaría contigo hasta en otra vida
Pero tú y yo sabemos que no cambiaré, eso es una mentira
Le harías un favor, a tu corazón
Si te alejas y me olvidas
Soy tan experto en el arte de amar
Y también del engaño
Pero contigo prefiero alejarme que hacerte más daño
Que pudiera decir, que soy el hombre más fiel en ésta tierra
De ilusionarte y decirte al oído lo que tú deseas
Que pudiera decir que estaría contigo hasta en otra vida
Pero tú y yo sabemos que no cambiaré, eso es una mentira
Le harías un favor, a tu corazón
Si te alejas y me olvidas"
7FgLx7CNxdhLMbHXQFdarp,PopurrÃ­ Ranchero - En Vivo,Banda Sinaloense MS de Sergio LizÃ¡rraga,56,En Vivo CDMX,6/21/2019,0.57,0.412,5,-8.186,1,0.0718,0.739,2.01E-06,0.813,0.916,113.305,audio_features,7FgLx7CNxdhLMbHXQFdarp,spotify:track:7FgLx7CNxdhLMbHXQFdarp,https://api.spotify.com/v1/tracks/7FgLx7CNxdhLMbHXQFdarp,https://api.spotify.com/v1/audio-analysis/7FgLx7CNxdhLMbHXQFdarp,517027,3,"Disculpe usted, no quiero molestarlo
es necesario decirle unas palabras
Yo se muy bien que hoy, camina de su mano
Igual que hace un año
Ella lo hacia conmigo

Le quiero a consejar, del modo más amable
Yo creo indispensable decirle unas palabras
No quiero que le pase lo que pasó conmigo
Y que usted pierda el cielo, hoy que lo ha conseguido

Le gusta mucho que le lleven serenata
Que la despierten con un beso en las mañanas
Que le regalen una hermosa rosa roja
Ese detalle es él que más la vuelve loca
Más nunca dude de su amor no es de esperarse
Ella es más fiel de lo que pueda imaginarse
Que nunca cruce por su mente traicionarla
Eso mi amigo, eso la mata

Le quiero a consejar, del modo más amable
Yo creo indispensable decirle unas palabras
No quiero que le pase lo que pasó conmigo
Y que usted pierda el cielo, hoy que lo ha conseguido

Le gusta mucho que le lleven serenata
Que la despierten con un beso en las mañanas
Que le regalen una hermosa rosa roja
Ese detalle es él que más la vuelve loca

Más nunca dude de su amor no es de esperarse
Ella es más fiel de lo que pueda imaginarse
Que nunca cruce por su mente traicionarla
Eso mi amigo, eso la mata
Quiero tomarme unas copas
que vengan unas tras otras
pero no para olvidar
la pena que me aniquila
muy dentro quiero sentirla
no me la puedo arrancar
Quiero llevar esta pena
que es todo lo que me queda
de lo hermoso de tu amor
lo que me resta de vida
quiero llevar esta herida
quiero llorar por su amor
La pena que me hace garras
con canciones y guitarras
yo la quiero saborear
que no se apague la lumbre
y que se haga una costumbre
sufrir y tambien llorar

No pude lograr su amor
y gozo con el dolor
que me sirvan mas tequila
la recuerdo con delirio
y me río del martirio
al no poder conseguirla

La pena que me hace garras
con canciones y guitarras
yo la quiero saborear
que no se apague la lumbre
y que se haga una costumbre
sufrir y tambien llorar
Como no cantar corridos
como no cantar canciones
si hacen buena la tonada
hacen vibrar corazones
para cantar lo que canto
creo que me sobran razones
El hombre pa´ ser bien visto
lo hacen sus buenas acciones
si un amor es verdadero
nunca jamas lo traiciones
la amistad se da frente
no se anda por los rincones

Yo no le temo al camino
el camino ya esta hecho
conduzco bien la carreta
no me quedo voy derecho
para mis amigos traigo
un corazon en el pecho
Quiero que lo sepan todos
soy humilde de nacencia
mi madre es mi fortaleza
mi familia son la escencia
heredada de mi padre
hombre de mucha experiencia."
